{"cameraMode":{"drawMode":0,"name":"Shaded","section":"Shading Mode"},"sceneLighting":false,"audioPlay":false,"sceneViewState":{"showFog":false,"showMaterialUpdate":false,"showSkybox":false,"showFlares":false,"showImageEffects":false,"showParticleSystems":true},"in2DMode":false,"pivot":{"x":-2.759999990463257,"y":3.214155673980713,"z":2.3736915588378908},"rotation":{"x":-0.07194745540618897,"y":-0.1234731376171112,"z":0.008975297212600708,"w":-0.98969566822052},"size":2.8578836917877199,"orthographic":false}