{"cameraMode":{"drawMode":0,"name":"Shaded","section":"Shading Mode"},"sceneLighting":false,"audioPlay":false,"sceneViewState":{"showFog":false,"showMaterialUpdate":false,"showSkybox":false,"showFlares":false,"showImageEffects":false,"showParticleSystems":true},"in2DMode":false,"pivot":{"x":-0.15900170803070069,"y":2.3709661960601808,"z":-71.16378784179688},"rotation":{"x":-0.3152433931827545,"y":0.09967457503080368,"z":-0.03331582620739937,"w":-0.9431737661361694},"size":22.179445266723634,"orthographic":false}