{"cameraMode":{"drawMode":0,"name":"Shaded","section":"Shading Mode"},"sceneLighting":true,"audioPlay":false,"sceneViewState":{"showFog":false,"showMaterialUpdate":false,"showSkybox":false,"showFlares":false,"showImageEffects":false,"showParticleSystems":false},"in2DMode":false,"pivot":{"x":102.31822204589844,"y":84.74469757080078,"z":-46.72564697265625},"rotation":{"x":0.14566773176193238,"y":-0.30587777495384219,"z":-0.047419581562280658,"w":-0.9396654367446899},"size":264.7314147949219,"orthographic":false}