{"cameraMode":{"drawMode":0,"name":"Shaded","section":"Shading Mode"},"sceneLighting":true,"audioPlay":false,"sceneViewState":{"showFog":false,"showMaterialUpdate":false,"showSkybox":false,"showFlares":false,"showImageEffects":false,"showParticleSystems":false},"in2DMode":false,"pivot":{"x":38.529571533203128,"y":23.996213912963868,"z":-85.35292053222656},"rotation":{"x":-0.009671133011579514,"y":-0.08060896396636963,"z":0.0007801245083101094,"w":-0.9966986179351807},"size":319.3928527832031,"orthographic":false}